,City,Latitude,Longitude,Max Temp,Humidity,Cloudiness,Wind Speed,Country,Date
0,Hermanus,-34.42,19.23,48.0,84,97,5.99,ZA,1597541995
1,Mataura,-46.19,168.86,51.01,70,12,5.01,NZ,1597541995
2,Saint-Philippe,-21.36,55.77,64.4,59,82,3.36,RE,1597541835
3,Santa Fe,-31.63,-60.7,55.0,34,0,4.0,AR,1597541996
4,Sakakah,29.97,40.21,80.6,32,0,5.82,SA,1597541996
5,Kapaa,22.08,-159.32,84.2,70,20,13.87,US,1597541996
6,Cape Town,-33.93,18.42,48.0,93,40,11.41,ZA,1597541770
7,Khartoum,15.55,32.53,86.0,58,66,12.75,SD,1597541836
8,Pevek,69.7,170.31,42.08,76,0,1.57,RU,1597541996
9,Carnarvon,-24.87,113.63,68.0,68,0,14.99,AU,1597541879
10,Saint George,37.1,-113.58,108.0,6,1,1.01,US,1597541964
11,Codrington,-38.27,141.97,57.18,75,0,11.3,AU,1597541997
12,Ushuaia,-54.8,-68.3,33.8,69,75,6.93,AR,1597541997
13,Chui,-33.7,-53.46,44.98,73,0,7.72,UY,1597541997
14,Chokurdakh,70.63,147.92,41.38,72,92,6.31,RU,1597541997
15,Tezu,27.92,96.17,76.15,87,100,2.98,IN,1597541997
16,Marzuq,14.4,46.47,78.8,62,61,5.14,YE,1597541997
17,La Ronge,55.1,-105.28,62.6,55,40,16.11,CA,1597541959
18,Severo-Kuril'sk,50.68,156.12,53.44,81,100,5.37,RU,1597541939
19,Port Alfred,-33.59,26.89,50.92,68,95,20.02,ZA,1597541998
20,Lebu,-37.62,-73.65,43.93,74,36,8.97,CL,1597541842
21,Pisco,-13.7,-76.22,62.6,82,100,2.24,PE,1597541998
22,Souillac,-20.52,57.52,69.8,77,40,9.17,MU,1597541998
23,Rikitea,-23.12,-134.97,71.26,75,0,13.53,PF,1597541846
24,Cayenne,4.93,-52.33,75.2,100,98,9.15,GF,1597541999
25,Katsuura,35.13,140.3,91.4,75,40,4.7,JP,1597541974
26,Khatanga,71.97,102.5,62.83,48,0,5.03,RU,1597542440
27,Saskylakh,71.92,114.08,58.98,46,1,10.29,RU,1597541999
28,Nanga Eboko,4.68,12.37,70.43,90,100,4.97,CM,1597541999
29,Grand Baie,-20.02,57.58,71.01,65,44,8.01,MU,1597541999
30,Narsaq,60.92,-46.05,46.4,70,89,13.87,GL,1597541939
31,Watertown,42.37,-71.18,68.0,77,90,5.82,US,1597542000
32,Bluff,-46.6,168.33,51.01,70,38,5.01,NZ,1597541920
33,Albany,42.6,-73.97,72.0,89,61,5.35,US,1597542000
34,Kavieng,-2.57,150.8,83.77,70,9,3.85,PG,1597541885
35,Qaqortoq,60.72,-46.03,46.4,70,75,13.87,GL,1597541945
36,Fort Nelson,58.81,-122.7,66.2,55,75,6.93,CA,1597541859
37,Khanpur,28.65,70.66,93.9,54,0,11.36,PK,1597542001
38,Kaitangata,-46.28,169.85,46.99,83,73,5.01,NZ,1597542001
39,Castro,-24.79,-50.01,58.23,95,100,8.81,BR,1597541923
40,El Dorado,33.21,-92.67,84.2,83,1,4.7,US,1597542001
41,Saldanha,-33.01,17.94,42.8,93,3,3.36,ZA,1597541839
42,Sawtell,-30.38,153.1,71.01,42,0,6.93,AU,1597542002
43,Sitka,57.05,-135.33,57.2,87,90,3.76,US,1597542002
44,Zhezkazgan,47.8,67.71,70.5,33,93,11.05,KZ,1597541913
45,Bull Savanna,17.89,-77.59,78.33,83,69,2.28,JM,1597542002
46,Hobart,-42.88,147.33,53.6,87,75,11.41,AU,1597542443
47,Kaduqli,11.02,29.72,72.95,88,65,1.79,SD,1597542003
48,Lompoc,34.64,-120.46,80.01,53,1,12.75,US,1597541850
49,Carballo,43.21,-8.69,64.99,82,72,4.7,ES,1597542003
50,Nikolskoye,59.7,30.79,57.99,87,7,2.24,RU,1597542003
51,Lavrentiya,65.58,-171.0,59.59,50,0,6.71,RU,1597542003
52,Salalah,17.02,54.09,75.2,100,90,6.93,OM,1597542004
53,High Level,58.52,-117.14,64.4,63,75,3.36,CA,1597542004
54,Ribeira Grande,38.52,-28.7,73.44,86,16,17.36,PT,1597542004
55,Dikson,73.51,80.55,43.34,89,0,3.33,RU,1597542004
56,Ambilobe,-13.2,49.05,65.28,75,15,5.66,MG,1597542004
57,Qaanaaq,77.48,-69.36,34.75,86,2,1.25,GL,1597541922
58,Faanui,-16.48,-151.75,78.15,80,100,14.7,PF,1597542005
59,Atuona,-9.8,-139.03,78.33,73,10,13.87,PF,1597541914
60,Vardø,70.37,31.11,47.97,76,100,18.68,NO,1597542005
61,San Cristobal,7.77,-72.22,67.14,92,100,2.06,VE,1597541979
62,Zhigansk,66.77,123.37,49.95,56,0,21.94,RU,1597542005
63,Talnakh,69.49,88.4,62.6,59,40,11.18,RU,1597542005
64,Hay River,60.82,-115.8,59.0,62,40,9.17,CA,1597542006
65,Puro,12.48,123.38,85.01,68,99,3.67,PH,1597542006
66,Denpasar,-8.65,115.22,80.6,100,40,14.99,ID,1597541795
67,Geraldton,-28.77,114.6,59.0,67,75,21.92,AU,1597542006
68,Berlevåg,70.86,29.09,48.09,73,73,23.09,NO,1597541974
69,Seoul,37.57,126.98,82.4,78,90,3.36,KR,1597541763
70,Chul'man,56.85,124.91,57.27,60,92,6.26,RU,1597542006
71,Juruti,-2.15,-56.09,81.73,60,40,2.93,BR,1597542007
72,Ponta do Sol,32.67,-17.1,71.6,64,20,12.75,PT,1597542007
73,Punta Arenas,-53.15,-70.92,32.0,80,90,26.4,CL,1597542007
74,Ostrovnoy,68.05,39.51,56.32,87,100,16.98,RU,1597542007
75,New Norfolk,-42.78,147.06,53.01,91,100,1.01,AU,1597541836
76,Busselton,-33.65,115.33,55.0,64,13,18.99,AU,1597542008
77,Hilo,19.73,-155.09,84.2,66,75,10.29,US,1597542008
78,Flinders,-34.58,150.86,63.0,60,99,15.99,AU,1597542008
79,Menongue,-14.66,17.69,52.38,41,0,3.8,AO,1597542008
80,Hasaki,35.73,140.83,86.0,89,75,10.29,JP,1597542008
81,Port Elizabeth,-33.92,25.57,48.2,76,40,25.28,ZA,1597542008
82,Yazykovo,55.22,56.14,53.19,97,100,6.04,RU,1597542009
83,Kendari,-3.94,122.5,84.54,64,19,2.64,ID,1597542009
84,Esperance,-33.87,121.9,57.2,87,90,20.8,AU,1597542009
85,Adrar,20.5,-10.07,99.91,17,66,8.19,MR,1597541910
86,Chermoz,58.79,56.15,51.35,86,100,13.06,RU,1597542009
87,San Patricio,19.22,-104.7,87.8,74,40,2.77,MX,1597541908
88,Albacete,38.83,-2.0,61.0,41,0,7.61,ES,1597542010
89,Vila Velha,-20.33,-40.29,73.4,88,20,11.41,BR,1597541918
90,Mahébourg,-20.41,57.7,69.8,77,40,9.17,MU,1597541845
91,Hanmer Springs,-42.52,172.82,51.46,46,11,3.49,NZ,1597542010
92,Bredasdorp,-34.53,20.04,44.6,87,43,10.29,ZA,1597542010
93,Kawambwa,-9.79,29.08,55.53,46,76,5.03,ZM,1597542010
94,Bambous Virieux,-20.34,57.76,71.01,77,40,9.17,MU,1597541913
95,Henties Bay,-22.12,14.28,50.0,87,0,1.01,NA,1597542011
96,São Filipe,14.9,-24.5,78.21,85,15,5.97,CV,1597542011
97,Barrow,71.29,-156.79,44.6,93,90,9.17,US,1597541875
98,Pervomayskiy,53.25,40.29,53.15,83,100,6.6,RU,1597542011
99,Khovd,48.01,91.64,53.2,73,100,7.67,MN,1597542011
100,São João da Barra,-21.64,-41.05,73.33,87,25,8.88,BR,1597542011
101,Kenora,49.82,-94.43,64.4,72,40,9.17,CA,1597541943
102,Cape Canaveral,28.41,-80.6,80.01,88,1,9.17,US,1597542012
103,Asău,46.43,26.4,60.01,98,100,2.13,RO,1597542012
104,Mayya,61.73,130.28,53.6,54,20,6.71,RU,1597542012
105,Tura,25.52,90.22,78.67,86,76,6.78,IN,1597542012
106,Burnie,-41.07,145.92,61.0,60,100,5.99,AU,1597542012
107,Cazones de Herrera,20.72,-97.32,79.72,81,94,5.03,MX,1597542012
108,Bonavista,48.65,-53.11,48.99,86,0,8.32,CA,1597541957
109,Madera,37.17,-119.83,102.99,18,100,1.79,US,1597542013
110,Huambo,-12.78,15.74,51.21,43,0,2.06,AO,1597542013
111,Manzhouli,49.6,117.43,71.62,62,6,2.71,CN,1597542013
112,Ullapool,57.9,-5.16,53.01,93,13,1.99,GB,1597542013
113,Senador Pompeu,-5.59,-39.37,72.45,81,48,5.73,BR,1597542013
114,Tuktoyaktuk,69.45,-133.04,51.8,62,90,5.82,CA,1597541906
115,Cardston,49.2,-113.3,82.0,32,40,12.75,CA,1597542013
116,Westport,41.14,-73.36,73.4,64,90,14.99,US,1597541930
117,Lüderitz,-26.65,15.16,55.58,69,0,20.6,NA,1597542014
118,Katangli,51.71,143.23,57.15,79,95,19.24,RU,1597542014
119,Shīeli,44.17,66.75,81.21,19,72,7.56,KZ,1597542014
120,Voskresenskoye,56.84,45.43,49.46,89,95,6.29,RU,1597542014
121,Jamestown,42.1,-79.24,73.0,73,1,5.1,US,1597541832
122,Andrews,32.32,-102.55,87.8,33,1,14.99,US,1597542015
123,Goundi,9.36,17.37,73.18,95,100,5.46,TD,1597542015
124,Aklavik,68.22,-135.01,50.0,76,75,9.17,CA,1597541959
125,Christchurch,-43.53,172.63,51.8,53,0,3.36,NZ,1597542015
126,Perivoli,39.42,20.01,75.2,88,20,8.14,GR,1597542015
127,Raxaul,26.98,84.85,83.77,77,7,13.29,IN,1597542015
128,Vao,-22.67,167.48,69.96,77,11,18.19,NC,1597542015
129,Port Hardy,50.7,-127.42,71.6,68,40,9.17,CA,1597542016
130,Yellowknife,62.46,-114.35,59.0,51,75,9.17,CA,1597541866
131,Petatlán,17.52,-101.27,79.56,86,92,1.5,MX,1597542016
132,Faya,18.39,42.45,69.8,64,97,3.65,SA,1597542016
133,Porto Santo,33.07,-16.34,71.6,73,40,9.17,PT,1597542016
134,Darłowo,54.42,16.41,66.0,56,7,7.47,PL,1597542016
135,Mount Isa,-20.73,139.5,73.4,20,0,8.05,AU,1597542017
136,Rome,43.21,-75.46,75.2,53,20,10.29,US,1597542017
137,Avarua,-21.21,-159.78,77.0,94,0,8.05,CK,1597542017
138,Cherskiy,68.75,161.3,55.89,44,100,3.02,RU,1597541897
139,Grants Pass,42.44,-123.33,104.0,14,1,6.02,US,1597541927
140,Port Blair,11.67,92.75,80.6,88,75,5.82,IN,1597542017
141,Aswān,24.09,32.91,85.05,21,0,10.29,EG,1597542018
142,Bulgan,48.81,103.53,56.57,85,99,6.87,MN,1597542018
143,Thompson,55.74,-97.86,59.0,77,75,11.41,CA,1597542018
144,Santa Isabel Rio Negro,-0.41,-65.02,77.5,72,10,3.22,BR,1597542018
145,Alofi,-19.06,-169.92,77.0,57,0,13.87,NU,1597542019
146,Puerto Ayora,-0.74,-90.35,66.0,91,29,3.0,EC,1597541886
147,Kungurtug,50.6,97.52,60.53,71,100,2.26,RU,1597542019
148,Karratha,-20.74,116.85,75.02,58,12,6.98,AU,1597541769
149,Cabo San Lucas,22.89,-109.91,91.4,52,5,19.46,MX,1597541935
150,Caraballeda,10.61,-66.85,80.44,78,71,8.39,VE,1597542019
151,Kiryat Gat,31.61,34.76,75.99,57,0,5.01,IL,1597541970
152,Ndélé,8.41,20.65,70.12,98,100,4.79,CF,1597542019
153,Tasiilaq,65.61,-37.64,42.8,81,100,23.04,GL,1597542020
154,Camacha,33.08,-16.33,71.6,73,40,9.17,PT,1597542006
155,Lappeenranta,61.06,28.19,60.8,87,95,8.05,FI,1597541963
156,Valparaíso,-33.04,-71.63,53.6,62,0,4.7,CL,1597541992
157,Bang Rakam,16.76,100.12,80.6,94,40,6.69,TH,1597542020
158,Plácido de Castro,-10.34,-67.19,80.65,61,9,1.72,BR,1597542020
159,Monticello,45.31,-93.79,70.0,64,1,8.37,US,1597542020
160,Merke,42.87,73.18,79.12,27,18,4.79,KZ,1597542021
161,Mrakovo,52.72,56.62,50.54,92,38,3.31,RU,1597542021
162,Champasak,14.75,106.0,78.8,88,75,2.24,LA,1597541940
163,George Town,5.41,100.34,82.4,88,20,2.24,MY,1597541787
164,Toora-Khem,52.47,96.11,64.94,61,99,3.83,RU,1597542021
165,Torbay,47.67,-52.73,50.0,87,5,8.05,CA,1597542021
166,Baykit,61.67,96.37,58.05,49,0,7.87,RU,1597542021
167,Saint-Pierre,-21.34,55.48,64.4,59,92,3.36,RE,1597541997
168,Antalaha,-14.9,50.28,66.07,84,69,8.59,MG,1597542022
169,Nicoya,10.15,-85.45,74.03,91,99,1.68,CR,1597542022
170,Nova Olímpia,-14.8,-57.29,81.23,29,20,5.12,BR,1597542022
171,Laas,46.62,10.7,61.0,100,75,1.12,IT,1597542022
172,Bilma,18.69,12.92,88.95,16,65,7.87,NE,1597542022
173,Airai,-8.93,125.41,77.29,33,17,4.88,TL,1597542023
174,Bria,6.54,21.99,70.34,93,100,2.15,CF,1597542023
175,Isangel,-19.55,169.27,73.4,64,100,11.41,VU,1597541949
176,Kaeo,-35.1,173.78,57.99,3,100,7.0,NZ,1597542023
177,Amlapura,-8.45,115.62,80.6,100,40,14.99,ID,1597542023
178,Casablanca,33.59,-7.62,71.01,77,75,10.29,MA,1597542023
179,Vaini,-21.2,-175.2,73.4,60,20,11.41,TO,1597542024
180,Te Anau,-45.42,167.72,46.2,67,87,0.6,NZ,1597542024
181,Nouadhibou,20.93,-17.03,73.4,83,51,10.29,MR,1597541887
182,Tateyama,34.98,139.87,91.4,75,40,4.7,JP,1597542024
183,Benjamin Constant,-4.38,-70.03,78.8,100,40,0.81,BR,1597542024
184,Smoky Lake,54.12,-112.47,59.85,83,0,4.23,CA,1597542024
185,Provideniya,64.38,-173.3,58.01,55,4,9.6,RU,1597542024
186,Honningsvåg,70.98,25.97,49.57,72,87,24.74,NO,1597542025
187,Province of Mantua,45.17,10.78,72.0,80,39,3.0,IT,1597542025
188,Darhan,49.49,105.92,64.81,65,100,6.13,MN,1597542025
189,Arraial do Cabo,-22.97,-42.03,72.41,82,69,7.96,BR,1597542025
190,Constitución,-35.33,-72.42,45.61,62,0,8.46,CL,1597542025
191,Caravelas,-17.71,-39.25,72.16,90,92,4.99,BR,1597542025
192,Baena,37.62,-4.32,68.0,60,0,4.18,ES,1597542026
193,Davila,18.47,120.58,84.2,79,75,1.12,PH,1597542026
194,Udimskiy,61.14,45.91,43.38,84,0,1.3,RU,1597542026
195,Butaritari,3.07,172.79,82.08,72,77,11.54,KI,1597542026
196,Beitbridge,-22.22,30.0,57.67,34,0,4.45,ZW,1597542026
197,Hithadhoo,-0.6,73.08,83.21,70,28,4.05,MV,1597542026
198,Saint Anthony,45.02,-93.22,73.4,56,1,4.7,US,1597541891
199,Ferkessédougou,9.6,-5.2,70.56,94,100,6.08,CI,1597542027
200,Bathsheba,13.22,-59.52,82.4,83,40,10.29,BB,1597542027
201,Fécamp,49.76,0.37,62.6,100,90,4.7,FR,1597542027
202,Richards Bay,-28.78,32.04,64.26,75,15,12.1,ZA,1597541972
203,Grand Gaube,-20.01,57.66,71.01,65,48,8.01,MU,1597541958
204,Najrān,17.49,44.13,80.6,28,75,4.7,SA,1597542027
205,Mana,5.66,-53.78,79.12,83,99,6.02,GF,1597542028
206,Bethel,41.37,-73.41,69.8,68,1,5.82,US,1597542028
207,Nizwá,22.93,57.53,89.67,39,99,4.38,OM,1597542028
208,Panzhihua,26.59,101.71,70.0,87,100,3.85,CN,1597542028
209,Virginia Beach,36.85,-75.98,77.0,88,90,11.41,US,1597542408
210,Lagoa,39.05,-27.98,73.36,87,13,22.01,PT,1597541909
211,Touros,-5.2,-35.46,73.4,94,40,4.7,BR,1597542028
212,Ndioum,16.51,-14.65,89.51,49,76,15.9,SN,1597542029
213,Bida,9.08,6.02,74.16,87,80,1.34,NG,1597542029
214,Orbetello,42.44,11.22,70.0,88,0,2.24,IT,1597542029
215,Batesville,35.77,-91.64,87.8,66,1,5.82,US,1597542029
216,Chervone,49.96,28.86,51.93,75,0,3.96,UA,1597542029
217,Saint Lawrence,36.06,14.2,82.99,61,91,9.17,MT,1597542029
218,Sibu,2.3,111.82,77.0,94,40,3.36,MY,1597542029
219,Upington,-28.45,21.26,46.4,87,40,8.05,ZA,1597542030
220,Buriti Bravo,-5.84,-43.83,73.58,44,15,1.95,BR,1597542030
221,Tamandaré,-8.76,-35.1,73.92,88,69,6.76,BR,1597541797
222,Rawson,-43.3,-65.1,47.1,52,80,32.08,AR,1597541931
223,Tiarei,-17.53,-149.33,82.4,65,40,6.93,PF,1597542030
224,Songea,-10.68,35.65,55.42,70,69,2.98,TZ,1597542030
225,Beira,-19.84,34.84,59.0,100,0,3.36,MZ,1597542030
226,Bereket,39.24,55.52,73.62,52,6,5.97,TM,1597542031
227,Sinnamary,5.38,-52.95,79.48,82,100,6.22,GF,1597542031
228,Cidreira,-30.18,-50.21,59.77,89,36,8.59,BR,1597542031
229,Vila Franca do Campo,37.72,-25.43,73.4,83,40,11.41,PT,1597542031
230,Marsá Maţrūḩ,31.35,27.25,77.0,73,0,6.93,EG,1597542031
231,Klaksvík,62.23,-6.59,53.6,100,99,3.36,FO,1597541853
232,Samarai,-10.62,150.67,77.54,70,31,10.56,PG,1597542031
233,Shumskiy,54.83,99.13,62.94,57,0,4.21,RU,1597542031
234,East London,-33.02,27.91,52.14,64,17,17.78,ZA,1597541895
235,Ladovskaya Balka,45.63,41.4,53.2,63,0,4.81,RU,1597542032
236,Sarai,53.75,41.02,49.89,92,100,5.97,RU,1597542032
237,Mar del Plata,-38.0,-57.56,45.0,45,0,17.22,AR,1597541890
238,Fortuna,40.6,-124.16,86.0,30,0,2.42,US,1597541956
239,Kadhan,24.48,68.99,84.99,80,97,8.99,PK,1597542032
240,Lukovetskiy,64.3,41.92,59.0,93,90,8.95,RU,1597542033
241,Puerto del Rosario,28.5,-13.86,71.6,83,0,20.8,ES,1597542033
242,Pajapan,18.25,-94.7,77.81,82,72,6.06,MX,1597542033
243,Arona,28.1,-16.68,73.4,69,20,17.22,ES,1597542033
244,Gorontalo,0.54,123.06,86.31,58,30,3.62,ID,1597542033
245,Plettenberg Bay,-34.05,23.37,46.26,73,9,12.3,ZA,1597542033
246,Padampur,29.68,73.62,92.84,54,0,8.88,IN,1597542033
247,Avon Park,27.6,-81.51,81.0,94,1,2.66,US,1597542034
248,Leningradskiy,69.38,178.42,49.8,68,15,13.29,RU,1597542034
249,Itarema,-2.92,-39.92,77.59,78,5,15.86,BR,1597541987
250,Korla,41.76,86.15,75.0,78,39,5.26,CN,1597542034
251,Mehamn,71.04,27.85,47.37,73,49,19.33,NO,1597542034
252,Blessington,53.17,-6.53,61.0,93,90,4.7,IE,1597542035
253,Río Gallegos,-51.62,-69.22,33.8,69,45,25.28,AR,1597542035
254,Drovyanaya,51.58,113.03,62.6,77,20,4.47,RU,1597542035
255,Half Moon Bay,37.46,-122.43,95.0,50,1,12.75,US,1597542035
256,Fukuechō,32.69,128.84,84.2,89,40,5.82,JP,1597542035
257,Sabang,5.89,95.32,83.26,73,8,7.16,ID,1597542035
258,Sosnovo-Ozerskoye,52.52,111.54,55.65,80,90,5.12,RU,1597542035
259,Zhengjiatun,43.51,123.51,84.33,52,0,2.28,CN,1597542036
260,Ulladulla,-35.35,150.47,59.0,81,76,1.99,AU,1597542036
261,Cefalù,38.04,14.02,78.01,75,0,1.99,IT,1597542036
262,Isla Mujeres,21.23,-86.73,84.99,83,75,8.43,MX,1597542036
263,Alghero,40.56,8.32,71.6,94,0,2.24,IT,1597542036
264,Kwinana,-32.25,115.77,57.0,82,75,10.29,AU,1597542036
265,Springbok,-29.66,17.89,35.62,96,7,5.93,ZA,1597542037
266,Bud,39.45,-86.18,81.0,65,75,3.94,US,1597542037
267,Waipawa,-41.41,175.52,53.01,71,83,11.41,NZ,1597542037
268,Petapa,14.5,-90.55,68.0,77,40,11.41,GT,1597542037
269,Erzin,36.96,36.2,75.2,69,0,6.93,TR,1597542037
270,Paranaíba,-19.68,-51.19,77.14,30,0,6.42,BR,1597542037
271,Wilmington,34.23,-77.94,81.0,83,1,6.93,US,1597541887
272,Bandrele,-12.91,45.19,75.2,83,20,10.29,YT,1597542038
273,Dingle,11.0,122.67,84.36,76,69,4.97,PH,1597542038
274,San Rafael del Sur,11.85,-86.44,78.8,88,75,4.7,NI,1597542038
275,North Bend,43.41,-124.22,75.0,56,1,6.93,US,1597542038
276,Ghanzi,-21.57,21.78,56.84,33,0,7.07,BW,1597541873
277,Galesong,-5.32,119.37,84.2,58,20,3.36,ID,1597542039
278,Necochea,-38.55,-58.74,39.0,71,0,5.99,AR,1597541863
279,Chiredzi,-21.05,31.67,60.76,33,0,3.69,ZW,1597542039
280,Belozërskoye,55.82,65.58,55.33,93,100,7.76,RU,1597542039
281,Burns Lake,54.23,-125.75,68.14,54,100,4.65,CA,1597542039
282,Ballinasloe,53.33,-8.22,56.59,96,99,4.97,IE,1597542039
283,Hanyang,32.14,105.51,72.0,93,100,5.91,CN,1597542039
284,Panalingaan,8.78,117.42,87.04,60,30,3.22,PH,1597542040
285,Karpathos,35.51,27.21,77.0,78,0,20.8,GR,1597542040
286,Coquimbo,-29.95,-71.34,50.0,87,0,3.36,CL,1597542040
287,West Monroe,32.52,-92.15,86.0,79,1,4.5,US,1597542040
288,Ciudad Sabinas Hidalgo,26.5,-100.17,87.8,36,0,5.99,MX,1597542040
289,Iqaluit,63.75,-68.51,44.01,100,90,10.29,CA,1597542040
290,Kuito,-12.38,16.93,52.47,39,0,2.75,AO,1597542040
291,Sesvete,45.83,16.12,68.0,93,5,1.12,HR,1597542041
292,Dixon,38.45,-121.82,107.6,14,1,5.82,US,1597542041
293,Fairbanks,64.84,-147.72,70.0,49,75,8.05,US,1597541963
294,Karaton,-6.34,106.1,84.0,78,20,5.82,ID,1597542041
295,Plouzané,48.38,-4.62,59.0,100,100,8.05,FR,1597542041
296,Tooele,40.53,-112.3,89.6,22,1,9.17,US,1597541783
297,Mahon,39.89,4.27,77.0,83,0,9.17,ES,1597542041
298,Tessalit,20.2,1.01,92.28,35,0,12.53,ML,1597542042
299,Changping,40.22,116.22,88.0,83,20,4.47,CN,1597542042
300,Tamuín,21.98,-98.75,78.75,86,100,4.94,MX,1597542042
301,San Juan,-31.54,-68.54,50.92,38,0,3.22,AR,1597541795
302,Manggar,-2.88,108.27,82.87,76,74,10.6,ID,1597542042
303,Molodiya,48.22,26.02,63.0,77,91,10.29,UA,1597542042
304,Gmina Połaniec,50.43,21.28,62.01,76,0,9.17,PL,1597542043
305,Sørland,67.67,12.69,51.01,69,100,19.15,NO,1597542000
306,Olonets,60.98,32.97,57.61,96,4,6.06,RU,1597542043
307,Borgarnes,64.54,-21.92,54.0,81,20,8.05,IS,1597542043
308,Meulaboh,4.14,96.13,81.68,78,78,4.63,ID,1597542043
309,Pimentel,-6.84,-79.93,60.55,87,62,11.23,PE,1597542043
310,Guerrero Negro,27.98,-114.06,79.86,52,0,12.95,MX,1597542043
311,Matadi,-5.82,13.45,73.72,76,98,6.62,CD,1597542044
312,Zholymbet,51.74,71.71,62.13,61,100,8.12,KZ,1597542044
313,Naze,28.37,129.48,89.6,70,20,5.82,JP,1597541882
314,Belmonte,-15.86,-38.88,75.2,83,20,9.17,BR,1597542044
315,Tumaco,1.8,-78.82,76.35,85,100,9.33,CO,1597542044
316,Batouri,4.43,14.37,66.87,96,95,3.24,CM,1597542044
317,Pokhara,28.23,83.98,76.28,75,37,2.13,NP,1597542044
318,Dobryanka,58.46,56.42,53.6,81,75,8.95,RU,1597542045
319,Villarrobledo,39.27,-2.6,63.0,40,0,1.99,ES,1597542045
320,Husum,54.49,9.05,63.0,88,0,6.93,DE,1597542045
321,Salacgrīva,57.75,24.36,57.0,93,0,7.43,LV,1597542045
322,Luwuk,-0.95,122.79,83.46,65,16,8.19,ID,1597542045
323,Kaseda-shirakame,31.42,130.32,86.0,74,20,2.24,JP,1597541916
324,Kalawit,8.07,122.52,85.84,69,4,2.64,PH,1597542045
325,Okha,53.57,142.95,59.22,79,68,17.74,RU,1597542046
326,Nyurba,63.28,118.33,53.69,50,45,7.2,RU,1597542046
327,Mount Gambier,-37.83,140.77,56.68,75,0,7.09,AU,1597542046
328,Keti Bandar,24.14,67.45,84.56,83,100,13.82,PK,1597542046
329,Mendi,-6.18,143.65,63.73,88,68,4.16,PG,1597542046
330,Mocuba,-16.84,36.99,62.35,87,0,3.65,MZ,1597542046
331,Florianópolis,-27.61,-48.5,66.99,82,100,1.12,BR,1597542047
332,Haverfordwest,51.8,-4.97,63.0,93,100,2.24,GB,1597542047
333,Laguna,38.42,-121.42,107.6,9,1,9.17,US,1597541924
334,Tilichiki,60.47,166.1,54.19,75,100,6.64,RU,1597542047
335,Evensk,61.95,159.23,61.38,59,34,11.41,RU,1597541931
336,Lorengau,-2.02,147.27,85.96,64,7,6.46,PG,1597542047
337,Wagar,16.15,36.2,81.68,65,98,20.6,SD,1597542047
338,Takoradze,4.88,-1.76,73.9,89,41,8.32,GH,1597542047
339,Champerico,14.3,-91.92,80.31,82,100,9.46,GT,1597542048
340,Ormara,25.21,64.64,83.75,84,96,6.24,PK,1597542048
341,Changji,44.02,87.32,73.4,35,0,17.9,CN,1597542048
342,Baiyin,36.56,104.21,64.4,63,100,6.71,CN,1597542048
343,Ancud,-41.87,-73.82,45.0,93,90,6.93,CL,1597541972
344,Vyartsilya,62.18,30.69,59.56,78,78,6.73,RU,1597542048
345,Batagay-Alyta,67.8,130.41,37.8,85,100,2.84,RU,1597542049
346,Visby,57.64,18.3,62.01,93,0,5.82,SE,1597542049
347,Saint Paul Harbor,57.79,-152.41,62.33,63,0,11.72,US,1597542049
348,Maniitsoq,65.42,-52.9,46.13,64,0,10.69,GL,1597542049
349,Tāybād,34.74,60.78,75.4,50,0,22.3,IR,1597542049
350,Longyearbyen,78.22,15.64,42.8,87,75,2.24,SJ,1597542033
351,Bilyayivka,46.48,30.22,60.8,93,35,3.18,UA,1597542049
352,Athens,37.98,23.72,81.0,53,0,6.91,GR,1597542188
353,Roald,62.58,6.13,57.99,100,97,3.36,NO,1597542050
354,Yar-Sale,66.83,70.83,48.9,70,100,12.35,RU,1597542050
355,Carutapera,-1.2,-46.02,77.59,82,65,7.96,BR,1597542050
356,Hobyo,5.35,48.53,75.9,74,100,21.77,SO,1597542050
357,Hofn,64.25,-15.21,53.1,77,100,7.78,IS,1597542050
358,Wuwei,37.93,102.64,61.68,77,100,1.61,CN,1597542050
359,Auki,-8.77,160.7,83.55,66,24,4.65,SB,1597542051
360,Nālūt,30.33,10.85,78.39,27,0,8.99,LY,1597542051
361,Beyneu,45.32,55.2,64.9,52,0,11.05,KZ,1597542051
362,San Quintín,30.48,-115.95,76.05,65,0,6.76,MX,1597541852
363,Jiuquan,39.74,98.52,73.42,32,100,9.35,CN,1597542051
364,Tuatapere,-46.13,167.68,51.01,70,36,5.01,NZ,1597541967
365,Khatassy,61.9,129.64,53.6,54,20,6.71,RU,1597542051
366,Tecpan,14.76,-90.99,68.0,77,40,11.41,GT,1597542052
367,Upernavik,72.79,-56.15,41.07,76,25,14.23,GL,1597541911
368,Nikki,9.94,3.21,69.48,97,33,3.44,BJ,1597542052
369,Lázaro Cárdenas,17.96,-102.2,82.17,83,49,2.13,MX,1597541960
370,Ciudad del Carmen,18.63,-91.83,80.6,83,90,10.29,MX,1597541765
371,Santa Marta,11.24,-74.2,77.0,88,100,11.18,CO,1597542035
372,San Policarpo,12.18,125.51,86.34,65,63,3.13,PH,1597542052
373,Yumen,40.28,97.2,72.37,23,100,8.46,CN,1597542053
374,Kul'dur,49.22,131.63,60.49,78,93,7.49,RU,1597542053
375,Orotukan,62.27,151.7,61.05,47,76,10.78,RU,1597542053
376,Kidal,18.44,1.41,90.14,43,0,16.2,ML,1597542053
377,Clyde River,70.47,-68.59,35.6,100,90,8.05,CA,1597542053
378,Opuwo,-18.06,13.84,52.11,58,0,2.75,NA,1597542053
379,Bengkulu,-3.8,102.27,82.26,70,9,1.66,ID,1597542054
380,Baoqing,46.33,132.21,77.45,63,15,6.2,CN,1597541890
381,Punta Alta,-38.88,-62.07,43.07,57,0,14.45,AR,1597542006
382,Sayyan,15.17,44.32,63.07,68,33,3.0,YE,1597542054
383,Morehead,37.27,-87.18,80.6,100,1,3.94,US,1597542054
384,College,64.86,-147.8,70.0,52,1,6.93,US,1597541838
385,Shimoda,34.67,138.95,90.0,79,20,8.05,JP,1597542054
386,Sing Buri,14.89,100.4,79.0,94,100,4.0,TH,1597542054
387,Houston,29.76,-95.36,93.99,66,1,19.46,US,1597542019
388,Rocha,-34.48,-54.33,45.25,58,0,11.01,UY,1597541963
389,Port Lincoln,-34.73,135.87,55.87,64,73,7.85,AU,1597542055
390,Engel-Yurt,43.33,46.36,64.4,45,3,6.71,RU,1597542055
391,San Lazaro,18.04,-88.66,86.0,79,40,3.96,BZ,1597542055
392,Gamboma,-1.88,15.86,75.49,76,74,3.51,CG,1597542055
393,Dunedin,-45.87,170.5,48.99,71,78,3.0,NZ,1597542055
394,Talavera,15.62,120.93,86.02,70,64,2.37,PH,1597542055
395,Lárdos,36.09,28.02,80.6,57,0,8.05,GR,1597542056
396,Ixtapa,20.7,-105.2,87.8,70,40,4.7,MX,1597542056
397,Barra de Tecoanapa,16.52,-98.75,82.45,72,0,1.28,MX,1597542056
398,Yaan,7.38,8.57,72.27,91,14,3.98,NG,1597542056
399,Huntsville,34.73,-86.59,80.6,65,1,4.7,US,1597541762
400,Arroyo de la Encomienda,41.61,-4.8,62.01,66,89,8.05,ES,1597542056
401,Blagodatnoye,45.4,42.59,53.6,54,0,4.47,RU,1597542057
402,Shanhecun,44.7,127.2,77.65,67,0,6.53,CN,1597542057
403,Anking,30.51,117.05,92.43,57,0,7.52,CN,1597542057
404,Skjervøy,70.03,20.97,50.58,72,100,33.91,NO,1597542057
405,Hillsborough,37.57,-122.38,95.0,25,75,24.16,US,1597541958
406,Gualaceo,-2.9,-78.78,59.0,72,97,6.93,EC,1597542057
407,Massena,44.93,-74.89,73.0,60,1,6.93,US,1597542057
408,Omaruru,-21.43,15.93,47.86,60,0,3.49,NA,1597542058
409,Oriximiná,-1.77,-55.87,81.23,64,5,2.82,BR,1597542058
410,Port-Gentil,-0.72,8.78,74.95,86,100,12.37,GA,1597542058
411,San Martín,-33.08,-68.47,50.0,34,0,3.36,AR,1597542058
412,Garoowe,8.41,48.48,70.66,72,100,22.1,SO,1597542058
413,Mezhdurechensk,53.69,88.06,58.84,94,100,0.74,RU,1597542058
414,Les Cayes,18.2,-73.75,79.97,82,66,1.48,HT,1597542058
415,Mogadishu,2.04,45.34,75.02,80,100,13.24,SO,1597542058
416,Liliani,32.21,72.95,90.03,55,1,3.67,PK,1597542059
417,Port Macquarie,-31.43,152.92,71.01,35,0,3.0,AU,1597542059
418,Kruisfontein,-34.0,24.73,46.0,69,21,3.0,ZA,1597541885
419,San Jose,37.34,-121.89,98.01,26,40,14.99,US,1597542303
420,Colombo,6.93,79.85,78.8,88,75,3.36,LK,1597542059
421,Beringovskiy,63.05,179.32,59.56,65,100,11.36,RU,1597542059
422,La Palma,33.85,-118.05,89.01,43,40,5.82,US,1597542060
423,Iralaya,15.0,-83.23,80.6,84,94,8.08,HN,1597542060
424,Sztum,53.92,19.03,62.01,67,12,2.75,PL,1597542060
425,Kahului,20.89,-156.47,89.6,49,40,27.51,US,1597542060
426,Sāvantvādi,15.9,73.82,78.8,94,90,12.75,IN,1597542060
427,Waren,53.52,12.68,64.0,76,0,4.12,DE,1597542060
428,Ouésso,1.61,16.05,71.17,96,97,1.59,CG,1597542061
429,Lábrea,-7.26,-64.8,80.76,48,38,0.56,BR,1597542061
430,Monte Alegre,-2.01,-54.07,80.31,67,69,1.77,BR,1597542061
431,Satipo,-11.25,-74.64,71.71,72,1,2.59,PE,1597542061
432,Noumea,-22.28,166.46,78.01,57,60,9.17,NC,1597542055
433,Quatre Cocos,-20.21,57.76,71.01,77,40,9.17,MU,1597541859
434,Esim,4.87,-2.24,74.14,89,18,8.95,GH,1597542061
435,Shuiji,27.42,118.34,90.54,54,0,2.17,CN,1597542062
436,Honiara,-9.43,159.95,87.8,62,20,5.82,SB,1597542062
437,Bétérou,9.2,2.26,71.2,96,62,4.36,BJ,1597542062
438,Siguiri,11.67,-9.5,71.24,94,98,3.33,GN,1597542062
439,Srednekolymsk,67.45,153.68,48.25,70,90,8.23,RU,1597541981
440,Horadiz,39.45,47.34,69.8,77,75,4.7,AZ,1597542062
441,Pacific Grove,36.62,-121.92,89.01,25,1,4.7,US,1597542062
442,Nome,64.5,-165.41,66.0,87,40,6.93,US,1597541928
443,Mayo,38.89,-76.51,75.99,83,90,9.17,US,1597541905
444,Viedma,-40.81,-63.0,39.0,49,0,5.99,AR,1597542063
445,Dakoro,14.51,6.76,78.66,71,6,15.59,NE,1597542063
446,Dāmghān,36.17,54.35,68.29,52,1,8.08,IR,1597542063
447,Yulara,-25.24,130.99,66.2,29,0,5.82,AU,1597541818
448,Oranjemund,-28.55,16.43,51.91,83,0,8.59,NA,1597542064
449,Hong Kong,22.29,114.16,87.01,70,99,5.99,HK,1597542051
450,Sola,-13.88,167.55,78.94,83,98,23.69,VU,1597542064
451,Turukhansk,65.82,87.98,65.62,46,11,14.23,RU,1597542064
452,Haines Junction,60.75,-137.51,51.31,85,100,2.73,CA,1597542064
453,Sistranda,63.73,8.83,55.4,100,90,11.41,NO,1597542064
454,Port Shepstone,-30.74,30.45,58.51,78,100,22.93,ZA,1597542064
455,Kjøllefjord,70.95,27.35,47.95,73,42,20.71,NO,1597542065
456,Marathon,44.9,-89.77,69.8,56,1,5.82,US,1597542065
457,Norrtälje,59.76,18.7,71.01,78,0,3.0,SE,1597542065
458,Cockburn Town,21.46,-71.14,82.99,81,92,17.94,TC,1597541905
459,Korem,12.51,39.52,56.88,86,97,0.34,ET,1597542065
460,Tezpur,26.63,92.8,81.16,85,74,3.06,IN,1597542065
461,Saint-Joseph,-21.37,55.62,64.4,59,88,3.36,RE,1597541995
462,Grand Forks,47.93,-97.03,73.4,64,40,4.7,US,1597542066
463,Tianpeng,30.99,103.94,72.0,99,100,3.0,CN,1597542066
464,Poum,-20.23,164.02,71.58,90,100,19.51,NC,1597541935
465,El Batey,19.77,-70.52,82.0,88,75,8.32,DO,1597542066
466,Tiznit Province,29.58,-9.5,71.28,24,0,1.39,MA,1597542066
467,Tiksi,71.69,128.87,43.25,78,87,3.29,RU,1597542067
468,Olafsvik,64.89,-23.71,52.16,92,100,15.84,IS,1597541971
469,Kachug,53.96,105.88,62.04,42,0,5.53,RU,1597542067
470,Hondomachi-hondo,32.45,130.2,86.0,74,20,6.93,JP,1597542067
471,Tall Kayf,37.08,41.07,77.67,29,0,6.67,TR,1597542067
472,Huarmey,-10.07,-78.15,59.23,85,15,8.14,PE,1597542033
473,Mossamedes,-15.2,12.15,59.99,89,11,6.6,AO,1597541837
474,Mount Vernon,40.91,-73.84,75.2,60,90,14.99,US,1597542068
475,Simao,22.79,100.97,68.81,94,100,2.17,CN,1597542068
476,Lagdo,9.05,13.73,71.87,96,100,5.19,CM,1597542068
477,Lüshunkou,38.8,121.27,75.2,100,90,4.47,CN,1597542068
478,Liseleje,56.01,11.95,64.99,85,0,3.0,DK,1597542069
479,Māngrol,21.12,70.12,81.7,84,98,18.54,IN,1597542069
480,Namie,37.48,141.0,82.99,94,75,5.82,JP,1597542069
481,High Prairie,55.43,-116.49,60.89,84,100,2.55,CA,1597542069
482,Arrondissement de Clermont,49.5,2.42,62.01,100,32,5.82,FR,1597542069
483,Aripuanã,-9.17,-60.63,79.34,37,86,0.69,BR,1597542069
484,Mandalgovi,45.76,106.27,64.9,65,100,20.22,MN,1597542069
485,Kashgar,39.45,75.98,73.4,35,20,8.95,CN,1597542070
486,Skjeberg,59.23,11.2,63.0,88,90,5.82,NO,1597542070
487,Weligama,5.97,80.42,79.77,84,68,9.26,LK,1597542070
488,Khandyga,62.67,135.6,61.14,32,0,7.29,RU,1597542070
489,Marrakesh,31.63,-8.01,71.6,60,2,4.7,MA,1597542070
490,Paamiut,61.99,-49.67,43.25,79,0,10.18,GL,1597542070
491,Amapá,1.0,-52.0,73.4,83,40,2.95,BR,1597542070
492,Olinda,-8.01,-34.86,77.0,83,40,4.7,BR,1597542071
493,Mt. Pleasant,32.79,-79.86,84.2,88,40,11.65,US,1597542071
494,Los Llanos de Aridane,28.66,-17.92,73.4,73,20,18.34,ES,1597542071
495,San-Pédro,4.75,-6.64,73.38,87,49,8.55,CI,1597542071
496,Gombong,-7.61,109.51,81.66,77,56,5.37,ID,1597542071
497,Kavaratti,10.57,72.64,81.81,80,100,13.49,IN,1597542071
498,Krasnogorskiy,54.6,61.23,55.72,97,100,4.07,RU,1597542071
499,Hambantota,6.12,81.12,75.2,100,40,5.82,LK,1597542072
500,Majalengka,-6.84,108.23,84.51,61,13,3.36,ID,1597542072
501,Sur,22.57,59.53,88.52,55,100,11.18,OM,1597542072
502,Sisimiut,66.94,-53.67,41.56,79,0,12.68,GL,1597541873
503,Dakar,14.69,-17.44,73.4,94,20,9.17,SN,1597542072
504,Brae,60.4,-1.35,55.4,93,79,2.24,GB,1597541841
505,Vangaindrano,-23.35,47.6,60.01,90,6,6.58,MG,1597542073
506,Qaryat Sulūq,31.67,20.25,73.51,83,0,9.17,LY,1597542073
507,Moranbah,-22.0,148.05,70.86,28,0,8.34,AU,1597542073
508,Arrondissement de Bar-le-Duc,48.75,5.17,62.6,88,45,2.24,FR,1597542073
509,Pathum Thani,14.01,100.53,91.0,94,20,1.41,TH,1597542073
510,Gwembe,-16.5,27.61,54.91,54,34,0.98,ZM,1597542073
511,Puerto Escondido,15.85,-97.07,82.36,76,44,4.25,MX,1597541888
512,Syracuse,37.09,15.28,80.6,78,84,1.12,IT,1597542074
513,Beneditinos,-5.45,-42.37,80.6,65,18,5.32,BR,1597542074
514,Harper,4.38,-7.72,74.86,81,62,11.34,LR,1597542074
515,Port Augusta,-32.5,137.77,55.4,87,40,2.24,AU,1597542074
516,Ust'-Uda,54.17,103.03,62.83,47,0,5.57,RU,1597542074
517,Arrifes,37.77,-25.7,73.4,83,40,11.41,PT,1597542074
518,Barcelos,41.54,-8.62,62.6,93,40,2.24,PT,1597542075
519,Mbini,1.57,9.61,75.58,90,86,7.85,GQ,1597542075
520,Thio,-21.62,166.22,77.0,57,98,9.17,NC,1597542075
521,Balatonkenese,47.04,18.11,66.2,100,84,1.74,HU,1597542075
522,Maţāy,28.42,30.78,74.8,71,0,11.32,EG,1597542075
523,Pangody,65.85,74.49,47.55,93,100,13.89,RU,1597541892
524,Khani,41.96,42.96,57.2,93,13,4.7,GE,1597542075
525,Miraflores,19.22,-98.81,64.4,63,90,12.75,MX,1597542076
526,Ayotzintepec,17.67,-96.13,74.62,83,29,2.28,MX,1597542076
527,Nantucket,41.28,-70.1,68.0,88,90,13.87,US,1597542002
528,Bubaque,11.28,-15.83,77.76,90,100,8.59,GW,1597542076
529,Teknāf,20.86,92.31,82.45,84,100,16.55,BD,1597542076
530,Promyshlennovskiy,55.48,86.2,59.0,93,40,6.71,RU,1597542076
531,Sobolevo,54.43,31.9,54.73,94,98,5.53,RU,1597542076
532,Rieti,42.41,12.86,68.0,59,0,11.41,IT,1597542077
533,Turtas,58.94,69.13,48.49,87,55,5.06,RU,1597542077
534,Loukhi,66.08,33.04,55.26,87,97,8.63,RU,1597542077
535,Vestmannaeyjar,63.44,-20.27,52.88,93,65,9.95,IS,1597541923
536,Miyako,39.64,141.95,83.44,55,81,4.03,JP,1597542077
537,Rameswaram,9.28,79.3,82.02,76,87,10.58,IN,1597542077
538,Madisonville,37.33,-87.5,80.6,74,1,3.47,US,1597542077
539,Inhambane,-23.86,35.38,66.2,88,40,2.24,MZ,1597541922
540,Truckee,39.33,-120.18,82.4,24,75,5.82,US,1597542062
541,Eureka,40.8,-124.16,80.01,46,1,6.93,US,1597542078
542,Shenjiamen,29.96,122.3,83.03,81,0,16.31,CN,1597542078
543,João Pinheiro,-17.74,-46.17,68.83,46,0,7.18,BR,1597542078
544,Aksu,41.12,80.26,78.55,28,0,5.12,CN,1597542078
545,Changtu,42.78,124.1,81.95,63,33,1.54,CN,1597541886
546,Sioux Lookout,50.1,-91.92,64.4,68,75,4.7,CA,1597542078
547,Waiouru,-39.48,175.67,49.12,47,0,4.03,NZ,1597542079
548,Bima,-8.47,118.72,87.67,49,3,4.41,ID,1597542079
